index;cell_id;min_lat;min_lon;max_lat;max_lon;line;column;matrix_id;cell;inside
17;17;18,1593;108,24;19,34;110,28;0;17;main;POLYGON ((110.28 18.1593, 110.28 19.34, 108.24 19.34, 108.24 18.1593, 110.28 18.1593));True
18;18;18,1593;110,28;19,34;112,32;0;18;main;POLYGON ((112.32 18.1593, 112.32 19.34, 110.28 19.34, 110.28 18.1593, 112.32 18.1593));True
47;47;19,34;108,24;20,52;110,28;1;17;main;POLYGON ((110.28 19.34, 110.28 20.52, 108.24 20.52, 108.24 19.34, 110.28 19.34));True
48;48;19,34;110,28;20,52;112,32;1;18;main;POLYGON ((112.32 19.34, 112.32 20.52, 110.28 20.52, 110.28 19.34, 112.32 19.34));True
72;72;20,52;98,04;21,7;100,08;2;12;main;POLYGON ((100.08 20.52, 100.08 21.7, 98.04 21.7, 98.04 20.52, 100.08 20.52));True
73;73;20,52;100,08;21,7;102,12;2;13;main;POLYGON ((102.12 20.52, 102.12 21.7, 100.08 21.7, 100.08 20.52, 102.12 20.52));True
76;76;20,52;106,2;21,7;108,24;2;16;main;POLYGON ((108.24 20.52, 108.24 21.7, 106.2 21.7, 106.2 20.52, 108.24 20.52));True
77;77;20,52;108,24;21,7;110,28;2;17;main;POLYGON ((110.28 20.52, 110.28 21.7, 108.24 21.7, 108.24 20.52, 110.28 20.52));True
78;78;20,52;110,28;21,7;112,32;2;18;main;POLYGON ((112.32 20.52, 112.32 21.7, 110.28 21.7, 110.28 20.52, 112.32 20.52));True
79;79;20,52;112,32;21,7;114,36;2;19;main;POLYGON ((114.36 20.52, 114.36 21.7, 112.32 21.7, 112.32 20.52, 114.36 20.52));True
102;102;21,7;98,04;22,88;100,08;3;12;main;POLYGON ((100.08 21.7, 100.08 22.88, 98.04 22.88, 98.04 21.7, 100.08 21.7));True
103;103;21,7;100,08;22,88;102,12;3;13;main;POLYGON ((102.12 21.7, 102.12 22.88, 100.08 22.88, 100.08 21.7, 102.12 21.7));True
104;104;21,7;102,12;22,88;104,16;3;14;main;POLYGON ((104.16 21.7, 104.16 22.88, 102.12 22.88, 102.12 21.7, 104.16 21.7));True
105;105;21,7;104,16;22,88;106,2;3;15;main;POLYGON ((106.2 21.7, 106.2 22.88, 104.16 22.88, 104.16 21.7, 106.2 21.7));True
106;106;21,7;106,2;22,88;108,24;3;16;main;POLYGON ((108.24 21.7, 108.24 22.88, 106.2 22.88, 106.2 21.7, 108.24 21.7));True
107;107;21,7;108,24;22,88;110,28;3;17;main;POLYGON ((110.28 21.7, 110.28 22.88, 108.24 22.88, 108.24 21.7, 110.28 21.7));True
108;108;21,7;110,28;22,88;112,32;3;18;main;POLYGON ((112.32 21.7, 112.32 22.88, 110.28 22.88, 110.28 21.7, 112.32 21.7));True
109;109;21,7;112,32;22,88;114,36;3;19;main;POLYGON ((114.36 21.7, 114.36 22.88, 112.32 22.88, 112.32 21.7, 114.36 21.7));True
110;110;21,7;114,36;22,88;116,4;3;20;main;POLYGON ((116.4 21.7, 116.4 22.88, 114.36 22.88, 114.36 21.7, 116.4 21.7));True
131;131;22,88;96,0;24,06;98,04;4;11;main;POLYGON ((98.04 22.88, 98.04 24.06, 96 24.06, 96 22.88, 98.04 22.88));True
132;132;22,88;98,04;24,06;100,08;4;12;main;POLYGON ((100.08 22.88, 100.08 24.06, 98.04 24.06, 98.04 22.88, 100.08 22.88));True
133;133;22,88;100,08;24,06;102,12;4;13;main;POLYGON ((102.12 22.88, 102.12 24.06, 100.08 24.06, 100.08 22.88, 102.12 22.88));True
134;134;22,88;102,12;24,06;104,16;4;14;main;POLYGON ((104.16 22.88, 104.16 24.06, 102.12 24.06, 102.12 22.88, 104.16 22.88));True
135;135;22,88;104,16;24,06;106,2;4;15;main;POLYGON ((106.2 22.88, 106.2 24.06, 104.16 24.06, 104.16 22.88, 106.2 22.88));True
136;136;22,88;106,2;24,06;108,24;4;16;main;POLYGON ((108.24 22.88, 108.24 24.06, 106.2 24.06, 106.2 22.88, 108.24 22.88));True
137;137;22,88;108,24;24,06;110,28;4;17;main;POLYGON ((110.28 22.88, 110.28 24.06, 108.24 24.06, 108.24 22.88, 110.28 22.88));True
138;138;22,88;110,28;24,06;112,32;4;18;main;POLYGON ((112.32 22.88, 112.32 24.06, 110.28 24.06, 110.28 22.88, 112.32 22.88));True
139;139;22,88;112,32;24,06;114,36;4;19;main;POLYGON ((114.36 22.88, 114.36 24.06, 112.32 24.06, 112.32 22.88, 114.36 22.88));True
140;140;22,88;114,36;24,06;116,4;4;20;main;POLYGON ((116.4 22.88, 116.4 24.06, 114.36 24.06, 114.36 22.88, 116.4 22.88));True
141;141;22,88;116,4;24,06;118,44;4;21;main;POLYGON ((118.44 22.88, 118.44 24.06, 116.4 24.06, 116.4 22.88, 118.44 22.88));True
161;161;24,06;96,0;25,24;98,04;5;11;main;POLYGON ((98.04 24.06, 98.04 25.24, 96 25.24, 96 24.06, 98.04 24.06));True
162;162;24,06;98,04;25,24;100,08;5;12;main;POLYGON ((100.08 24.06, 100.08 25.24, 98.04 25.24, 98.04 24.06, 100.08 24.06));True
163;163;24,06;100,08;25,24;102,12;5;13;main;POLYGON ((102.12 24.06, 102.12 25.24, 100.08 25.24, 100.08 24.06, 102.12 24.06));True
164;164;24,06;102,12;25,24;104,16;5;14;main;POLYGON ((104.16 24.06, 104.16 25.24, 102.12 25.24, 102.12 24.06, 104.16 24.06));True
165;165;24,06;104,16;25,24;106,2;5;15;main;POLYGON ((106.2 24.06, 106.2 25.24, 104.16 25.24, 104.16 24.06, 106.2 24.06));True
166;166;24,06;106,2;25,24;108,24;5;16;main;POLYGON ((108.24 24.06, 108.24 25.24, 106.2 25.24, 106.2 24.06, 108.24 24.06));True
167;167;24,06;108,24;25,24;110,28;5;17;main;POLYGON ((110.28 24.06, 110.28 25.24, 108.24 25.24, 108.24 24.06, 110.28 24.06));True
168;168;24,06;110,28;25,24;112,32;5;18;main;POLYGON ((112.32 24.06, 112.32 25.24, 110.28 25.24, 110.28 24.06, 112.32 24.06));True
169;169;24,06;112,32;25,24;114,36;5;19;main;POLYGON ((114.36 24.06, 114.36 25.24, 112.32 25.24, 112.32 24.06, 114.36 24.06));True
170;170;24,06;114,36;25,24;116,4;5;20;main;POLYGON ((116.4 24.06, 116.4 25.24, 114.36 25.24, 114.36 24.06, 116.4 24.06));True
171;171;24,06;116,4;25,24;118,44;5;21;main;POLYGON ((118.44 24.06, 118.44 25.24, 116.4 25.24, 116.4 24.06, 118.44 24.06));True
172;172;24,06;118,44;25,24;120,48;5;22;main;POLYGON ((120.48 24.06, 120.48 25.24, 118.44 25.24, 118.44 24.06, 120.48 24.06));True
191;191;25,24;96,0;26,42;98,04;6;11;main;POLYGON ((98.04 25.24, 98.04 26.42, 96 26.42, 96 25.24, 98.04 25.24));True
192;192;25,24;98,04;26,42;100,08;6;12;main;POLYGON ((100.08 25.24, 100.08 26.42, 98.04 26.42, 98.04 25.24, 100.08 25.24));True
193;193;25,24;100,08;26,42;102,12;6;13;main;POLYGON ((102.12 25.24, 102.12 26.42, 100.08 26.42, 100.08 25.24, 102.12 25.24));True
194;194;25,24;102,12;26,42;104,16;6;14;main;POLYGON ((104.16 25.24, 104.16 26.42, 102.12 26.42, 102.12 25.24, 104.16 25.24));True
195;195;25,24;104,16;26,42;106,2;6;15;main;POLYGON ((106.2 25.24, 106.2 26.42, 104.16 26.42, 104.16 25.24, 106.2 25.24));True
196;196;25,24;106,2;26,42;108,24;6;16;main;POLYGON ((108.24 25.24, 108.24 26.42, 106.2 26.42, 106.2 25.24, 108.24 25.24));True
197;197;25,24;108,24;26,42;110,28;6;17;main;POLYGON ((110.28 25.24, 110.28 26.42, 108.24 26.42, 108.24 25.24, 110.28 25.24));True
198;198;25,24;110,28;26,42;112,32;6;18;main;POLYGON ((112.32 25.24, 112.32 26.42, 110.28 26.42, 110.28 25.24, 112.32 25.24));True
199;199;25,24;112,32;26,42;114,36;6;19;main;POLYGON ((114.36 25.24, 114.36 26.42, 112.32 26.42, 112.32 25.24, 114.36 25.24));True
200;200;25,24;114,36;26,42;116,4;6;20;main;POLYGON ((116.4 25.24, 116.4 26.42, 114.36 26.42, 114.36 25.24, 116.4 25.24));True
201;201;25,24;116,4;26,42;118,44;6;21;main;POLYGON ((118.44 25.24, 118.44 26.42, 116.4 26.42, 116.4 25.24, 118.44 25.24));True
202;202;25,24;118,44;26,42;120,48;6;22;main;POLYGON ((120.48 25.24, 120.48 26.42, 118.44 26.42, 118.44 25.24, 120.48 25.24));True
217;217;26,42;87,84;27,6;89,88;7;7;main;POLYGON ((89.88 26.42, 89.88 27.6, 87.84 27.6, 87.84 26.42, 89.88 26.42));True
222;222;26,42;98,04;27,6;100,08;7;12;main;POLYGON ((100.08 26.42, 100.08 27.6, 98.04 27.6, 98.04 26.42, 100.08 26.42));True
223;223;26,42;100,08;27,6;102,12;7;13;main;POLYGON ((102.12 26.42, 102.12 27.6, 100.08 27.6, 100.08 26.42, 102.12 26.42));True
224;224;26,42;102,12;27,6;104,16;7;14;main;POLYGON ((104.16 26.42, 104.16 27.6, 102.12 27.6, 102.12 26.42, 104.16 26.42));True
225;225;26,42;104,16;27,6;106,2;7;15;main;POLYGON ((106.2 26.42, 106.2 27.6, 104.16 27.6, 104.16 26.42, 106.2 26.42));True
226;226;26,42;106,2;27,6;108,24;7;16;main;POLYGON ((108.24 26.42, 108.24 27.6, 106.2 27.6, 106.2 26.42, 108.24 26.42));True
227;227;26,42;108,24;27,6;110,28;7;17;main;POLYGON ((110.28 26.42, 110.28 27.6, 108.24 27.6, 108.24 26.42, 110.28 26.42));True
228;228;26,42;110,28;27,6;112,32;7;18;main;POLYGON ((112.32 26.42, 112.32 27.6, 110.28 27.6, 110.28 26.42, 112.32 26.42));True
229;229;26,42;112,32;27,6;114,36;7;19;main;POLYGON ((114.36 26.42, 114.36 27.6, 112.32 27.6, 112.32 26.42, 114.36 26.42));True
230;230;26,42;114,36;27,6;116,4;7;20;main;POLYGON ((116.4 26.42, 116.4 27.6, 114.36 27.6, 114.36 26.42, 116.4 26.42));True
231;231;26,42;116,4;27,6;118,44;7;21;main;POLYGON ((118.44 26.42, 118.44 27.6, 116.4 27.6, 116.4 26.42, 118.44 26.42));True
232;232;26,42;118,44;27,6;120,48;7;22;main;POLYGON ((120.48 26.42, 120.48 27.6, 118.44 27.6, 118.44 26.42, 120.48 26.42));True
233;233;26,42;120,48;27,6;122,52;7;23;main;POLYGON ((122.52 26.42, 122.52 27.6, 120.48 27.6, 120.48 26.42, 122.52 26.42));True
245;245;27,6;83,76;28,78;85,8;8;5;main;POLYGON ((85.8 27.6, 85.8 28.78, 83.76 28.78, 83.76 27.6, 85.8 27.6));True
246;246;27,6;85,8;28,78;87,84;8;6;main;POLYGON ((87.84 27.6, 87.84 28.78, 85.8 28.78, 85.8 27.6, 87.84 27.6));True
247;247;27,6;87,84;28,78;89,88;8;7;main;POLYGON ((89.88 27.6, 89.88 28.78, 87.84 28.78, 87.84 27.6, 89.88 27.6));True
248;248;27,6;89,88;28,78;91,92;8;8;main;POLYGON ((91.92 27.6, 91.92 28.78, 89.88 28.78, 89.88 27.6, 91.92 27.6));True
249;249;27,6;91,92;28,78;93,96;8;9;main;POLYGON ((93.96 27.6, 93.96 28.78, 91.92 28.78, 91.92 27.6, 93.96 27.6));True
250;250;27,6;93,96;28,78;96,0;8;10;main;POLYGON ((96 27.6, 96 28.78, 93.96 28.78, 93.96 27.6, 96 27.6));True
251;251;27,6;96,0;28,78;98,04;8;11;main;POLYGON ((98.04 27.6, 98.04 28.78, 96 28.78, 96 27.6, 98.04 27.6));True
252;252;27,6;98,04;28,78;100,08;8;12;main;POLYGON ((100.08 27.6, 100.08 28.78, 98.04 28.78, 98.04 27.6, 100.08 27.6));True
253;253;27,6;100,08;28,78;102,12;8;13;main;POLYGON ((102.12 27.6, 102.12 28.78, 100.08 28.78, 100.08 27.6, 102.12 27.6));True
254;254;27,6;102,12;28,78;104,16;8;14;main;POLYGON ((104.16 27.6, 104.16 28.78, 102.12 28.78, 102.12 27.6, 104.16 27.6));True
255;255;27,6;104,16;28,78;106,2;8;15;main;POLYGON ((106.2 27.6, 106.2 28.78, 104.16 28.78, 104.16 27.6, 106.2 27.6));True
256;256;27,6;106,2;28,78;108,24;8;16;main;POLYGON ((108.24 27.6, 108.24 28.78, 106.2 28.78, 106.2 27.6, 108.24 27.6));True
257;257;27,6;108,24;28,78;110,28;8;17;main;POLYGON ((110.28 27.6, 110.28 28.78, 108.24 28.78, 108.24 27.6, 110.28 27.6));True
258;258;27,6;110,28;28,78;112,32;8;18;main;POLYGON ((112.32 27.6, 112.32 28.78, 110.28 28.78, 110.28 27.6, 112.32 27.6));True
259;259;27,6;112,32;28,78;114,36;8;19;main;POLYGON ((114.36 27.6, 114.36 28.78, 112.32 28.78, 112.32 27.6, 114.36 27.6));True
260;260;27,6;114,36;28,78;116,4;8;20;main;POLYGON ((116.4 27.6, 116.4 28.78, 114.36 28.78, 114.36 27.6, 116.4 27.6));True
261;261;27,6;116,4;28,78;118,44;8;21;main;POLYGON ((118.44 27.6, 118.44 28.78, 116.4 28.78, 116.4 27.6, 118.44 27.6));True
262;262;27,6;118,44;28,78;120,48;8;22;main;POLYGON ((120.48 27.6, 120.48 28.78, 118.44 28.78, 118.44 27.6, 120.48 27.6));True
263;263;27,6;120,48;28,78;122,52;8;23;main;POLYGON ((122.52 27.6, 122.52 28.78, 120.48 28.78, 120.48 27.6, 122.52 27.6));True
274;274;28,78;81,72;29,96;83,76;9;4;main;POLYGON ((83.76 28.78, 83.76 29.96, 81.72 29.96, 81.72 28.78, 83.76 28.78));True
275;275;28,78;83,76;29,96;85,8;9;5;main;POLYGON ((85.8 28.78, 85.8 29.96, 83.76 29.96, 83.76 28.78, 85.8 28.78));True
276;276;28,78;85,8;29,96;87,84;9;6;main;POLYGON ((87.84 28.78, 87.84 29.96, 85.8 29.96, 85.8 28.78, 87.84 28.78));True
277;277;28,78;87,84;29,96;89,88;9;7;main;POLYGON ((89.88 28.78, 89.88 29.96, 87.84 29.96, 87.84 28.78, 89.88 28.78));True
278;278;28,78;89,88;29,96;91,92;9;8;main;POLYGON ((91.92 28.78, 91.92 29.96, 89.88 29.96, 89.88 28.78, 91.92 28.78));True
279;279;28,78;91,92;29,96;93,96;9;9;main;POLYGON ((93.96 28.78, 93.96 29.96, 91.92 29.96, 91.92 28.78, 93.96 28.78));True
280;280;28,78;93,96;29,96;96,0;9;10;main;POLYGON ((96 28.78, 96 29.96, 93.96 29.96, 93.96 28.78, 96 28.78));True
281;281;28,78;96,0;29,96;98,04;9;11;main;POLYGON ((98.04 28.78, 98.04 29.96, 96 29.96, 96 28.78, 98.04 28.78));True
282;282;28,78;98,04;29,96;100,08;9;12;main;POLYGON ((100.08 28.78, 100.08 29.96, 98.04 29.96, 98.04 28.78, 100.08 28.78));True
283;283;28,78;100,08;29,96;102,12;9;13;main;POLYGON ((102.12 28.78, 102.12 29.96, 100.08 29.96, 100.08 28.78, 102.12 28.78));True
284;284;28,78;102,12;29,96;104,16;9;14;main;POLYGON ((104.16 28.78, 104.16 29.96, 102.12 29.96, 102.12 28.78, 104.16 28.78));True
285;285;28,78;104,16;29,96;106,2;9;15;main;POLYGON ((106.2 28.78, 106.2 29.96, 104.16 29.96, 104.16 28.78, 106.2 28.78));True
286;286;28,78;106,2;29,96;108,24;9;16;main;POLYGON ((108.24 28.78, 108.24 29.96, 106.2 29.96, 106.2 28.78, 108.24 28.78));True
287;287;28,78;108,24;29,96;110,28;9;17;main;POLYGON ((110.28 28.78, 110.28 29.96, 108.24 29.96, 108.24 28.78, 110.28 28.78));True
288;288;28,78;110,28;29,96;112,32;9;18;main;POLYGON ((112.32 28.78, 112.32 29.96, 110.28 29.96, 110.28 28.78, 112.32 28.78));True
289;289;28,78;112,32;29,96;114,36;9;19;main;POLYGON ((114.36 28.78, 114.36 29.96, 112.32 29.96, 112.32 28.78, 114.36 28.78));True
290;290;28,78;114,36;29,96;116,4;9;20;main;POLYGON ((116.4 28.78, 116.4 29.96, 114.36 29.96, 114.36 28.78, 116.4 28.78));True
291;291;28,78;116,4;29,96;118,44;9;21;main;POLYGON ((118.44 28.78, 118.44 29.96, 116.4 29.96, 116.4 28.78, 118.44 28.78));True
292;292;28,78;118,44;29,96;120,48;9;22;main;POLYGON ((120.48 28.78, 120.48 29.96, 118.44 29.96, 118.44 28.78, 120.48 28.78));True
293;293;28,78;120,48;29,96;122,52;9;23;main;POLYGON ((122.52 28.78, 122.52 29.96, 120.48 29.96, 120.48 28.78, 122.52 28.78));True
294;294;28,78;122,52;29,96;124,56;9;24;main;POLYGON ((124.56 28.78, 124.56 29.96, 122.52 29.96, 122.52 28.78, 124.56 28.78));True
302;302;29,96;77,64;31,14;79,68;10;2;main;POLYGON ((79.68 29.96, 79.68 31.14, 77.64 31.14, 77.64 29.96, 79.68 29.96));True
303;303;29,96;79,68;31,14;81,72;10;3;main;POLYGON ((81.72 29.96, 81.72 31.14, 79.68 31.14, 79.68 29.96, 81.72 29.96));True
304;304;29,96;81,72;31,14;83,76;10;4;main;POLYGON ((83.76 29.96, 83.76 31.14, 81.72 31.14, 81.72 29.96, 83.76 29.96));True
305;305;29,96;83,76;31,14;85,8;10;5;main;POLYGON ((85.8 29.96, 85.8 31.14, 83.76 31.14, 83.76 29.96, 85.8 29.96));True
306;306;29,96;85,8;31,14;87,84;10;6;main;POLYGON ((87.84 29.96, 87.84 31.14, 85.8 31.14, 85.8 29.96, 87.84 29.96));True
307;307;29,96;87,84;31,14;89,88;10;7;main;POLYGON ((89.88 29.96, 89.88 31.14, 87.84 31.14, 87.84 29.96, 89.88 29.96));True
308;308;29,96;89,88;31,14;91,92;10;8;main;POLYGON ((91.92 29.96, 91.92 31.14, 89.88 31.14, 89.88 29.96, 91.92 29.96));True
309;309;29,96;91,92;31,14;93,96;10;9;main;POLYGON ((93.96 29.96, 93.96 31.14, 91.92 31.14, 91.92 29.96, 93.96 29.96));True
310;310;29,96;93,96;31,14;96,0;10;10;main;POLYGON ((96 29.96, 96 31.14, 93.96 31.14, 93.96 29.96, 96 29.96));True
311;311;29,96;96,0;31,14;98,04;10;11;main;POLYGON ((98.04 29.96, 98.04 31.14, 96 31.14, 96 29.96, 98.04 29.96));True
312;312;29,96;98,04;31,14;100,08;10;12;main;POLYGON ((100.08 29.96, 100.08 31.14, 98.04 31.14, 98.04 29.96, 100.08 29.96));True
313;313;29,96;100,08;31,14;102,12;10;13;main;POLYGON ((102.12 29.96, 102.12 31.14, 100.08 31.14, 100.08 29.96, 102.12 29.96));True
314;314;29,96;102,12;31,14;104,16;10;14;main;POLYGON ((104.16 29.96, 104.16 31.14, 102.12 31.14, 102.12 29.96, 104.16 29.96));True
315;315;29,96;104,16;31,14;106,2;10;15;main;POLYGON ((106.2 29.96, 106.2 31.14, 104.16 31.14, 104.16 29.96, 106.2 29.96));True
316;316;29,96;106,2;31,14;108,24;10;16;main;POLYGON ((108.24 29.96, 108.24 31.14, 106.2 31.14, 106.2 29.96, 108.24 29.96));True
317;317;29,96;108,24;31,14;110,28;10;17;main;POLYGON ((110.28 29.96, 110.28 31.14, 108.24 31.14, 108.24 29.96, 110.28 29.96));True
318;318;29,96;110,28;31,14;112,32;10;18;main;POLYGON ((112.32 29.96, 112.32 31.14, 110.28 31.14, 110.28 29.96, 112.32 29.96));True
319;319;29,96;112,32;31,14;114,36;10;19;main;POLYGON ((114.36 29.96, 114.36 31.14, 112.32 31.14, 112.32 29.96, 114.36 29.96));True
320;320;29,96;114,36;31,14;116,4;10;20;main;POLYGON ((116.4 29.96, 116.4 31.14, 114.36 31.14, 114.36 29.96, 116.4 29.96));True
321;321;29,96;116,4;31,14;118,44;10;21;main;POLYGON ((118.44 29.96, 118.44 31.14, 116.4 31.14, 116.4 29.96, 118.44 29.96));True
322;322;29,96;118,44;31,14;120,48;10;22;main;POLYGON ((120.48 29.96, 120.48 31.14, 118.44 31.14, 118.44 29.96, 120.48 29.96));True
323;323;29,96;120,48;31,14;122,52;10;23;main;POLYGON ((122.52 29.96, 122.52 31.14, 120.48 31.14, 120.48 29.96, 122.52 29.96));True
324;324;29,96;122,52;31,14;124,56;10;24;main;POLYGON ((124.56 29.96, 124.56 31.14, 122.52 31.14, 122.52 29.96, 124.56 29.96));True
332;332;31,14;77,64;32,32;79,68;11;2;main;POLYGON ((79.68 31.14, 79.68 32.32, 77.64 32.32, 77.64 31.14, 79.68 31.14));True
333;333;31,14;79,68;32,32;81,72;11;3;main;POLYGON ((81.72 31.14, 81.72 32.32, 79.68 32.32, 79.68 31.14, 81.72 31.14));True
334;334;31,14;81,72;32,32;83,76;11;4;main;POLYGON ((83.76 31.14, 83.76 32.32, 81.72 32.32, 81.72 31.14, 83.76 31.14));True
335;335;31,14;83,76;32,32;85,8;11;5;main;POLYGON ((85.8 31.14, 85.8 32.32, 83.76 32.32, 83.76 31.14, 85.8 31.14));True
336;336;31,14;85,8;32,32;87,84;11;6;main;POLYGON ((87.84 31.14, 87.84 32.32, 85.8 32.32, 85.8 31.14, 87.84 31.14));True
337;337;31,14;87,84;32,32;89,88;11;7;main;POLYGON ((89.88 31.14, 89.88 32.32, 87.84 32.32, 87.84 31.14, 89.88 31.14));True
338;338;31,14;89,88;32,32;91,92;11;8;main;POLYGON ((91.92 31.14, 91.92 32.32, 89.88 32.32, 89.88 31.14, 91.92 31.14));True
339;339;31,14;91,92;32,32;93,96;11;9;main;POLYGON ((93.96 31.14, 93.96 32.32, 91.92 32.32, 91.92 31.14, 93.96 31.14));True
340;340;31,14;93,96;32,32;96,0;11;10;main;POLYGON ((96 31.14, 96 32.32, 93.96 32.32, 93.96 31.14, 96 31.14));True
341;341;31,14;96,0;32,32;98,04;11;11;main;POLYGON ((98.04 31.14, 98.04 32.32, 96 32.32, 96 31.14, 98.04 31.14));True
342;342;31,14;98,04;32,32;100,08;11;12;main;POLYGON ((100.08 31.14, 100.08 32.32, 98.04 32.32, 98.04 31.14, 100.08 31.14));True
343;343;31,14;100,08;32,32;102,12;11;13;main;POLYGON ((102.12 31.14, 102.12 32.32, 100.08 32.32, 100.08 31.14, 102.12 31.14));True
344;344;31,14;102,12;32,32;104,16;11;14;main;POLYGON ((104.16 31.14, 104.16 32.32, 102.12 32.32, 102.12 31.14, 104.16 31.14));True
345;345;31,14;104,16;32,32;106,2;11;15;main;POLYGON ((106.2 31.14, 106.2 32.32, 104.16 32.32, 104.16 31.14, 106.2 31.14));True
346;346;31,14;106,2;32,32;108,24;11;16;main;POLYGON ((108.24 31.14, 108.24 32.32, 106.2 32.32, 106.2 31.14, 108.24 31.14));True
347;347;31,14;108,24;32,32;110,28;11;17;main;POLYGON ((110.28 31.14, 110.28 32.32, 108.24 32.32, 108.24 31.14, 110.28 31.14));True
348;348;31,14;110,28;32,32;112,32;11;18;main;POLYGON ((112.32 31.14, 112.32 32.32, 110.28 32.32, 110.28 31.14, 112.32 31.14));True
349;349;31,14;112,32;32,32;114,36;11;19;main;POLYGON ((114.36 31.14, 114.36 32.32, 112.32 32.32, 112.32 31.14, 114.36 31.14));True
350;350;31,14;114,36;32,32;116,4;11;20;main;POLYGON ((116.4 31.14, 116.4 32.32, 114.36 32.32, 114.36 31.14, 116.4 31.14));True
351;351;31,14;116,4;32,32;118,44;11;21;main;POLYGON ((118.44 31.14, 118.44 32.32, 116.4 32.32, 116.4 31.14, 118.44 31.14));True
352;352;31,14;118,44;32,32;120,48;11;22;main;POLYGON ((120.48 31.14, 120.48 32.32, 118.44 32.32, 118.44 31.14, 120.48 31.14));True
353;353;31,14;120,48;32,32;122,52;11;23;main;POLYGON ((122.52 31.14, 122.52 32.32, 120.48 32.32, 120.48 31.14, 122.52 31.14));True
362;362;32,32;77,64;33,5;79,68;12;2;main;POLYGON ((79.68 32.32, 79.68 33.5, 77.64 33.5, 77.64 32.32, 79.68 32.32));True
363;363;32,32;79,68;33,5;81,72;12;3;main;POLYGON ((81.72 32.32, 81.72 33.5, 79.68 33.5, 79.68 32.32, 81.72 32.32));True
364;364;32,32;81,72;33,5;83,76;12;4;main;POLYGON ((83.76 32.32, 83.76 33.5, 81.72 33.5, 81.72 32.32, 83.76 32.32));True
365;365;32,32;83,76;33,5;85,8;12;5;main;POLYGON ((85.8 32.32, 85.8 33.5, 83.76 33.5, 83.76 32.32, 85.8 32.32));True
366;366;32,32;85,8;33,5;87,84;12;6;main;POLYGON ((87.84 32.32, 87.84 33.5, 85.8 33.5, 85.8 32.32, 87.84 32.32));True
367;367;32,32;87,84;33,5;89,88;12;7;main;POLYGON ((89.88 32.32, 89.88 33.5, 87.84 33.5, 87.84 32.32, 89.88 32.32));True
368;368;32,32;89,88;33,5;91,92;12;8;main;POLYGON ((91.92 32.32, 91.92 33.5, 89.88 33.5, 89.88 32.32, 91.92 32.32));True
369;369;32,32;91,92;33,5;93,96;12;9;main;POLYGON ((93.96 32.32, 93.96 33.5, 91.92 33.5, 91.92 32.32, 93.96 32.32));True
370;370;32,32;93,96;33,5;96,0;12;10;main;POLYGON ((96 32.32, 96 33.5, 93.96 33.5, 93.96 32.32, 96 32.32));True
371;371;32,32;96,0;33,5;98,04;12;11;main;POLYGON ((98.04 32.32, 98.04 33.5, 96 33.5, 96 32.32, 98.04 32.32));True
372;372;32,32;98,04;33,5;100,08;12;12;main;POLYGON ((100.08 32.32, 100.08 33.5, 98.04 33.5, 98.04 32.32, 100.08 32.32));True
373;373;32,32;100,08;33,5;102,12;12;13;main;POLYGON ((102.12 32.32, 102.12 33.5, 100.08 33.5, 100.08 32.32, 102.12 32.32));True
374;374;32,32;102,12;33,5;104,16;12;14;main;POLYGON ((104.16 32.32, 104.16 33.5, 102.12 33.5, 102.12 32.32, 104.16 32.32));True
375;375;32,32;104,16;33,5;106,2;12;15;main;POLYGON ((106.2 32.32, 106.2 33.5, 104.16 33.5, 104.16 32.32, 106.2 32.32));True
376;376;32,32;106,2;33,5;108,24;12;16;main;POLYGON ((108.24 32.32, 108.24 33.5, 106.2 33.5, 106.2 32.32, 108.24 32.32));True
377;377;32,32;108,24;33,5;110,28;12;17;main;POLYGON ((110.28 32.32, 110.28 33.5, 108.24 33.5, 108.24 32.32, 110.28 32.32));True
378;378;32,32;110,28;33,5;112,32;12;18;main;POLYGON ((112.32 32.32, 112.32 33.5, 110.28 33.5, 110.28 32.32, 112.32 32.32));True
379;379;32,32;112,32;33,5;114,36;12;19;main;POLYGON ((114.36 32.32, 114.36 33.5, 112.32 33.5, 112.32 32.32, 114.36 32.32));True
380;380;32,32;114,36;33,5;116,4;12;20;main;POLYGON ((116.4 32.32, 116.4 33.5, 114.36 33.5, 114.36 32.32, 116.4 32.32));True
381;381;32,32;116,4;33,5;118,44;12;21;main;POLYGON ((118.44 32.32, 118.44 33.5, 116.4 33.5, 116.4 32.32, 118.44 32.32));True
382;382;32,32;118,44;33,5;120,48;12;22;main;POLYGON ((120.48 32.32, 120.48 33.5, 118.44 33.5, 118.44 32.32, 120.48 32.32));True
383;383;32,32;120,48;33,5;122,52;12;23;main;POLYGON ((122.52 32.32, 122.52 33.5, 120.48 33.5, 120.48 32.32, 122.52 32.32));True
392;392;33,5;77,64;34,68;79,68;13;2;main;POLYGON ((79.68 33.5, 79.68 34.68, 77.64 34.68, 77.64 33.5, 79.68 33.5));True
393;393;33,5;79,68;34,68;81,72;13;3;main;POLYGON ((81.72 33.5, 81.72 34.68, 79.68 34.68, 79.68 33.5, 81.72 33.5));True
394;394;33,5;81,72;34,68;83,76;13;4;main;POLYGON ((83.76 33.5, 83.76 34.68, 81.72 34.68, 81.72 33.5, 83.76 33.5));True
395;395;33,5;83,76;34,68;85,8;13;5;main;POLYGON ((85.8 33.5, 85.8 34.68, 83.76 34.68, 83.76 33.5, 85.8 33.5));True
396;396;33,5;85,8;34,68;87,84;13;6;main;POLYGON ((87.84 33.5, 87.84 34.68, 85.8 34.68, 85.8 33.5, 87.84 33.5));True
397;397;33,5;87,84;34,68;89,88;13;7;main;POLYGON ((89.88 33.5, 89.88 34.68, 87.84 34.68, 87.84 33.5, 89.88 33.5));True
398;398;33,5;89,88;34,68;91,92;13;8;main;POLYGON ((91.92 33.5, 91.92 34.68, 89.88 34.68, 89.88 33.5, 91.92 33.5));True
399;399;33,5;91,92;34,68;93,96;13;9;main;POLYGON ((93.96 33.5, 93.96 34.68, 91.92 34.68, 91.92 33.5, 93.96 33.5));True
400;400;33,5;93,96;34,68;96,0;13;10;main;POLYGON ((96 33.5, 96 34.68, 93.96 34.68, 93.96 33.5, 96 33.5));True
401;401;33,5;96,0;34,68;98,04;13;11;main;POLYGON ((98.04 33.5, 98.04 34.68, 96 34.68, 96 33.5, 98.04 33.5));True
402;402;33,5;98,04;34,68;100,08;13;12;main;POLYGON ((100.08 33.5, 100.08 34.68, 98.04 34.68, 98.04 33.5, 100.08 33.5));True
403;403;33,5;100,08;34,68;102,12;13;13;main;POLYGON ((102.12 33.5, 102.12 34.68, 100.08 34.68, 100.08 33.5, 102.12 33.5));True
404;404;33,5;102,12;34,68;104,16;13;14;main;POLYGON ((104.16 33.5, 104.16 34.68, 102.12 34.68, 102.12 33.5, 104.16 33.5));True
405;405;33,5;104,16;34,68;106,2;13;15;main;POLYGON ((106.2 33.5, 106.2 34.68, 104.16 34.68, 104.16 33.5, 106.2 33.5));True
406;406;33,5;106,2;34,68;108,24;13;16;main;POLYGON ((108.24 33.5, 108.24 34.68, 106.2 34.68, 106.2 33.5, 108.24 33.5));True
407;407;33,5;108,24;34,68;110,28;13;17;main;POLYGON ((110.28 33.5, 110.28 34.68, 108.24 34.68, 108.24 33.5, 110.28 33.5));True
408;408;33,5;110,28;34,68;112,32;13;18;main;POLYGON ((112.32 33.5, 112.32 34.68, 110.28 34.68, 110.28 33.5, 112.32 33.5));True
409;409;33,5;112,32;34,68;114,36;13;19;main;POLYGON ((114.36 33.5, 114.36 34.68, 112.32 34.68, 112.32 33.5, 114.36 33.5));True
410;410;33,5;114,36;34,68;116,4;13;20;main;POLYGON ((116.4 33.5, 116.4 34.68, 114.36 34.68, 114.36 33.5, 116.4 33.5));True
411;411;33,5;116,4;34,68;118,44;13;21;main;POLYGON ((118.44 33.5, 118.44 34.68, 116.4 34.68, 116.4 33.5, 118.44 33.5));True
412;412;33,5;118,44;34,68;120,48;13;22;main;POLYGON ((120.48 33.5, 120.48 34.68, 118.44 34.68, 118.44 33.5, 120.48 33.5));True
413;413;33,5;120,48;34,68;122,52;13;23;main;POLYGON ((122.52 33.5, 122.52 34.68, 120.48 34.68, 120.48 33.5, 122.52 33.5));True
421;421;34,68;75,6;35,86;77,64;14;1;main;POLYGON ((77.64 34.68, 77.64 35.86, 75.6 35.86, 75.6 34.68, 77.64 34.68));True
422;422;34,68;77,64;35,86;79,68;14;2;main;POLYGON ((79.68 34.68, 79.68 35.86, 77.64 35.86, 77.64 34.68, 79.68 34.68));True
423;423;34,68;79,68;35,86;81,72;14;3;main;POLYGON ((81.72 34.68, 81.72 35.86, 79.68 35.86, 79.68 34.68, 81.72 34.68));True
424;424;34,68;81,72;35,86;83,76;14;4;main;POLYGON ((83.76 34.68, 83.76 35.86, 81.72 35.86, 81.72 34.68, 83.76 34.68));True
425;425;34,68;83,76;35,86;85,8;14;5;main;POLYGON ((85.8 34.68, 85.8 35.86, 83.76 35.86, 83.76 34.68, 85.8 34.68));True
426;426;34,68;85,8;35,86;87,84;14;6;main;POLYGON ((87.84 34.68, 87.84 35.86, 85.8 35.86, 85.8 34.68, 87.84 34.68));True
427;427;34,68;87,84;35,86;89,88;14;7;main;POLYGON ((89.88 34.68, 89.88 35.86, 87.84 35.86, 87.84 34.68, 89.88 34.68));True
428;428;34,68;89,88;35,86;91,92;14;8;main;POLYGON ((91.92 34.68, 91.92 35.86, 89.88 35.86, 89.88 34.68, 91.92 34.68));True
429;429;34,68;91,92;35,86;93,96;14;9;main;POLYGON ((93.96 34.68, 93.96 35.86, 91.92 35.86, 91.92 34.68, 93.96 34.68));True
430;430;34,68;93,96;35,86;96,0;14;10;main;POLYGON ((96 34.68, 96 35.86, 93.96 35.86, 93.96 34.68, 96 34.68));True
431;431;34,68;96,0;35,86;98,04;14;11;main;POLYGON ((98.04 34.68, 98.04 35.86, 96 35.86, 96 34.68, 98.04 34.68));True
432;432;34,68;98,04;35,86;100,08;14;12;main;POLYGON ((100.08 34.68, 100.08 35.86, 98.04 35.86, 98.04 34.68, 100.08 34.68));True
433;433;34,68;100,08;35,86;102,12;14;13;main;POLYGON ((102.12 34.68, 102.12 35.86, 100.08 35.86, 100.08 34.68, 102.12 34.68));True
434;434;34,68;102,12;35,86;104,16;14;14;main;POLYGON ((104.16 34.68, 104.16 35.86, 102.12 35.86, 102.12 34.68, 104.16 34.68));True
435;435;34,68;104,16;35,86;106,2;14;15;main;POLYGON ((106.2 34.68, 106.2 35.86, 104.16 35.86, 104.16 34.68, 106.2 34.68));True
436;436;34,68;106,2;35,86;108,24;14;16;main;POLYGON ((108.24 34.68, 108.24 35.86, 106.2 35.86, 106.2 34.68, 108.24 34.68));True
437;437;34,68;108,24;35,86;110,28;14;17;main;POLYGON ((110.28 34.68, 110.28 35.86, 108.24 35.86, 108.24 34.68, 110.28 34.68));True
438;438;34,68;110,28;35,86;112,32;14;18;main;POLYGON ((112.32 34.68, 112.32 35.86, 110.28 35.86, 110.28 34.68, 112.32 34.68));True
439;439;34,68;112,32;35,86;114,36;14;19;main;POLYGON ((114.36 34.68, 114.36 35.86, 112.32 35.86, 112.32 34.68, 114.36 34.68));True
440;440;34,68;114,36;35,86;116,4;14;20;main;POLYGON ((116.4 34.68, 116.4 35.86, 114.36 35.86, 114.36 34.68, 116.4 34.68));True
441;441;34,68;116,4;35,86;118,44;14;21;main;POLYGON ((118.44 34.68, 118.44 35.86, 116.4 35.86, 116.4 34.68, 118.44 34.68));True
442;442;34,68;118,44;35,86;120,48;14;22;main;POLYGON ((120.48 34.68, 120.48 35.86, 118.44 35.86, 118.44 34.68, 120.48 34.68));True
450;450;35,86;73,5577;37,04;75,6;15;0;main;POLYGON ((75.6 35.86, 75.6 37.04, 73.5577 37.04, 73.5577 35.86, 75.6 35.86));True
451;451;35,86;75,6;37,04;77,64;15;1;main;POLYGON ((77.64 35.86, 77.64 37.04, 75.6 37.04, 75.6 35.86, 77.64 35.86));True
452;452;35,86;77,64;37,04;79,68;15;2;main;POLYGON ((79.68 35.86, 79.68 37.04, 77.64 37.04, 77.64 35.86, 79.68 35.86));True
453;453;35,86;79,68;37,04;81,72;15;3;main;POLYGON ((81.72 35.86, 81.72 37.04, 79.68 37.04, 79.68 35.86, 81.72 35.86));True
454;454;35,86;81,72;37,04;83,76;15;4;main;POLYGON ((83.76 35.86, 83.76 37.04, 81.72 37.04, 81.72 35.86, 83.76 35.86));True
455;455;35,86;83,76;37,04;85,8;15;5;main;POLYGON ((85.8 35.86, 85.8 37.04, 83.76 37.04, 83.76 35.86, 85.8 35.86));True
456;456;35,86;85,8;37,04;87,84;15;6;main;POLYGON ((87.84 35.86, 87.84 37.04, 85.8 37.04, 85.8 35.86, 87.84 35.86));True
457;457;35,86;87,84;37,04;89,88;15;7;main;POLYGON ((89.88 35.86, 89.88 37.04, 87.84 37.04, 87.84 35.86, 89.88 35.86));True
458;458;35,86;89,88;37,04;91,92;15;8;main;POLYGON ((91.92 35.86, 91.92 37.04, 89.88 37.04, 89.88 35.86, 91.92 35.86));True
459;459;35,86;91,92;37,04;93,96;15;9;main;POLYGON ((93.96 35.86, 93.96 37.04, 91.92 37.04, 91.92 35.86, 93.96 35.86));True
460;460;35,86;93,96;37,04;96,0;15;10;main;POLYGON ((96 35.86, 96 37.04, 93.96 37.04, 93.96 35.86, 96 35.86));True
461;461;35,86;96,0;37,04;98,04;15;11;main;POLYGON ((98.04 35.86, 98.04 37.04, 96 37.04, 96 35.86, 98.04 35.86));True
462;462;35,86;98,04;37,04;100,08;15;12;main;POLYGON ((100.08 35.86, 100.08 37.04, 98.04 37.04, 98.04 35.86, 100.08 35.86));True
463;463;35,86;100,08;37,04;102,12;15;13;main;POLYGON ((102.12 35.86, 102.12 37.04, 100.08 37.04, 100.08 35.86, 102.12 35.86));True
464;464;35,86;102,12;37,04;104,16;15;14;main;POLYGON ((104.16 35.86, 104.16 37.04, 102.12 37.04, 102.12 35.86, 104.16 35.86));True
465;465;35,86;104,16;37,04;106,2;15;15;main;POLYGON ((106.2 35.86, 106.2 37.04, 104.16 37.04, 104.16 35.86, 106.2 35.86));True
466;466;35,86;106,2;37,04;108,24;15;16;main;POLYGON ((108.24 35.86, 108.24 37.04, 106.2 37.04, 106.2 35.86, 108.24 35.86));True
467;467;35,86;108,24;37,04;110,28;15;17;main;POLYGON ((110.28 35.86, 110.28 37.04, 108.24 37.04, 108.24 35.86, 110.28 35.86));True
468;468;35,86;110,28;37,04;112,32;15;18;main;POLYGON ((112.32 35.86, 112.32 37.04, 110.28 37.04, 110.28 35.86, 112.32 35.86));True
469;469;35,86;112,32;37,04;114,36;15;19;main;POLYGON ((114.36 35.86, 114.36 37.04, 112.32 37.04, 112.32 35.86, 114.36 35.86));True
470;470;35,86;114,36;37,04;116,4;15;20;main;POLYGON ((116.4 35.86, 116.4 37.04, 114.36 37.04, 114.36 35.86, 116.4 35.86));True
471;471;35,86;116,4;37,04;118,44;15;21;main;POLYGON ((118.44 35.86, 118.44 37.04, 116.4 37.04, 116.4 35.86, 118.44 35.86));True
472;472;35,86;118,44;37,04;120,48;15;22;main;POLYGON ((120.48 35.86, 120.48 37.04, 118.44 37.04, 118.44 35.86, 120.48 35.86));True
473;473;35,86;120,48;37,04;122,52;15;23;main;POLYGON ((122.52 35.86, 122.52 37.04, 120.48 37.04, 120.48 35.86, 122.52 35.86));True
474;474;35,86;122,52;37,04;124,56;15;24;main;POLYGON ((124.56 35.86, 124.56 37.04, 122.52 37.04, 122.52 35.86, 124.56 35.86));True
480;480;37,04;73,5577;38,22;75,6;16;0;main;POLYGON ((75.6 37.04, 75.6 38.22, 73.5577 38.22, 73.5577 37.04, 75.6 37.04));True
481;481;37,04;75,6;38,22;77,64;16;1;main;POLYGON ((77.64 37.04, 77.64 38.22, 75.6 38.22, 75.6 37.04, 77.64 37.04));True
482;482;37,04;77,64;38,22;79,68;16;2;main;POLYGON ((79.68 37.04, 79.68 38.22, 77.64 38.22, 77.64 37.04, 79.68 37.04));True
483;483;37,04;79,68;38,22;81,72;16;3;main;POLYGON ((81.72 37.04, 81.72 38.22, 79.68 38.22, 79.68 37.04, 81.72 37.04));True
484;484;37,04;81,72;38,22;83,76;16;4;main;POLYGON ((83.76 37.04, 83.76 38.22, 81.72 38.22, 81.72 37.04, 83.76 37.04));True
485;485;37,04;83,76;38,22;85,8;16;5;main;POLYGON ((85.8 37.04, 85.8 38.22, 83.76 38.22, 83.76 37.04, 85.8 37.04));True
486;486;37,04;85,8;38,22;87,84;16;6;main;POLYGON ((87.84 37.04, 87.84 38.22, 85.8 38.22, 85.8 37.04, 87.84 37.04));True
487;487;37,04;87,84;38,22;89,88;16;7;main;POLYGON ((89.88 37.04, 89.88 38.22, 87.84 38.22, 87.84 37.04, 89.88 37.04));True
488;488;37,04;89,88;38,22;91,92;16;8;main;POLYGON ((91.92 37.04, 91.92 38.22, 89.88 38.22, 89.88 37.04, 91.92 37.04));True
489;489;37,04;91,92;38,22;93,96;16;9;main;POLYGON ((93.96 37.04, 93.96 38.22, 91.92 38.22, 91.92 37.04, 93.96 37.04));True
490;490;37,04;93,96;38,22;96,0;16;10;main;POLYGON ((96 37.04, 96 38.22, 93.96 38.22, 93.96 37.04, 96 37.04));True
491;491;37,04;96,0;38,22;98,04;16;11;main;POLYGON ((98.04 37.04, 98.04 38.22, 96 38.22, 96 37.04, 98.04 37.04));True
492;492;37,04;98,04;38,22;100,08;16;12;main;POLYGON ((100.08 37.04, 100.08 38.22, 98.04 38.22, 98.04 37.04, 100.08 37.04));True
493;493;37,04;100,08;38,22;102,12;16;13;main;POLYGON ((102.12 37.04, 102.12 38.22, 100.08 38.22, 100.08 37.04, 102.12 37.04));True
494;494;37,04;102,12;38,22;104,16;16;14;main;POLYGON ((104.16 37.04, 104.16 38.22, 102.12 38.22, 102.12 37.04, 104.16 37.04));True
495;495;37,04;104,16;38,22;106,2;16;15;main;POLYGON ((106.2 37.04, 106.2 38.22, 104.16 38.22, 104.16 37.04, 106.2 37.04));True
496;496;37,04;106,2;38,22;108,24;16;16;main;POLYGON ((108.24 37.04, 108.24 38.22, 106.2 38.22, 106.2 37.04, 108.24 37.04));True
497;497;37,04;108,24;38,22;110,28;16;17;main;POLYGON ((110.28 37.04, 110.28 38.22, 108.24 38.22, 108.24 37.04, 110.28 37.04));True
498;498;37,04;110,28;38,22;112,32;16;18;main;POLYGON ((112.32 37.04, 112.32 38.22, 110.28 38.22, 110.28 37.04, 112.32 37.04));True
499;499;37,04;112,32;38,22;114,36;16;19;main;POLYGON ((114.36 37.04, 114.36 38.22, 112.32 38.22, 112.32 37.04, 114.36 37.04));True
500;500;37,04;114,36;38,22;116,4;16;20;main;POLYGON ((116.4 37.04, 116.4 38.22, 114.36 38.22, 114.36 37.04, 116.4 37.04));True
501;501;37,04;116,4;38,22;118,44;16;21;main;POLYGON ((118.44 37.04, 118.44 38.22, 116.4 38.22, 116.4 37.04, 118.44 37.04));True
502;502;37,04;118,44;38,22;120,48;16;22;main;POLYGON ((120.48 37.04, 120.48 38.22, 118.44 38.22, 118.44 37.04, 120.48 37.04));True
503;503;37,04;120,48;38,22;122,52;16;23;main;POLYGON ((122.52 37.04, 122.52 38.22, 120.48 38.22, 120.48 37.04, 122.52 37.04));True
504;504;37,04;122,52;38,22;124,56;16;24;main;POLYGON ((124.56 37.04, 124.56 38.22, 122.52 38.22, 122.52 37.04, 124.56 37.04));True
510;510;38,22;73,5577;39,4;75,6;17;0;main;POLYGON ((75.6 38.22, 75.6 39.4, 73.5577 39.4, 73.5577 38.22, 75.6 38.22));True
511;511;38,22;75,6;39,4;77,64;17;1;main;POLYGON ((77.64 38.22, 77.64 39.4, 75.6 39.4, 75.6 38.22, 77.64 38.22));True
512;512;38,22;77,64;39,4;79,68;17;2;main;POLYGON ((79.68 38.22, 79.68 39.4, 77.64 39.4, 77.64 38.22, 79.68 38.22));True
513;513;38,22;79,68;39,4;81,72;17;3;main;POLYGON ((81.72 38.22, 81.72 39.4, 79.68 39.4, 79.68 38.22, 81.72 38.22));True
514;514;38,22;81,72;39,4;83,76;17;4;main;POLYGON ((83.76 38.22, 83.76 39.4, 81.72 39.4, 81.72 38.22, 83.76 38.22));True
515;515;38,22;83,76;39,4;85,8;17;5;main;POLYGON ((85.8 38.22, 85.8 39.4, 83.76 39.4, 83.76 38.22, 85.8 38.22));True
516;516;38,22;85,8;39,4;87,84;17;6;main;POLYGON ((87.84 38.22, 87.84 39.4, 85.8 39.4, 85.8 38.22, 87.84 38.22));True
517;517;38,22;87,84;39,4;89,88;17;7;main;POLYGON ((89.88 38.22, 89.88 39.4, 87.84 39.4, 87.84 38.22, 89.88 38.22));True
518;518;38,22;89,88;39,4;91,92;17;8;main;POLYGON ((91.92 38.22, 91.92 39.4, 89.88 39.4, 89.88 38.22, 91.92 38.22));True
519;519;38,22;91,92;39,4;93,96;17;9;main;POLYGON ((93.96 38.22, 93.96 39.4, 91.92 39.4, 91.92 38.22, 93.96 38.22));True
520;520;38,22;93,96;39,4;96,0;17;10;main;POLYGON ((96 38.22, 96 39.4, 93.96 39.4, 93.96 38.22, 96 38.22));True
521;521;38,22;96,0;39,4;98,04;17;11;main;POLYGON ((98.04 38.22, 98.04 39.4, 96 39.4, 96 38.22, 98.04 38.22));True
522;522;38,22;98,04;39,4;100,08;17;12;main;POLYGON ((100.08 38.22, 100.08 39.4, 98.04 39.4, 98.04 38.22, 100.08 38.22));True
523;523;38,22;100,08;39,4;102,12;17;13;main;POLYGON ((102.12 38.22, 102.12 39.4, 100.08 39.4, 100.08 38.22, 102.12 38.22));True
524;524;38,22;102,12;39,4;104,16;17;14;main;POLYGON ((104.16 38.22, 104.16 39.4, 102.12 39.4, 102.12 38.22, 104.16 38.22));True
525;525;38,22;104,16;39,4;106,2;17;15;main;POLYGON ((106.2 38.22, 106.2 39.4, 104.16 39.4, 104.16 38.22, 106.2 38.22));True
526;526;38,22;106,2;39,4;108,24;17;16;main;POLYGON ((108.24 38.22, 108.24 39.4, 106.2 39.4, 106.2 38.22, 108.24 38.22));True
527;527;38,22;108,24;39,4;110,28;17;17;main;POLYGON ((110.28 38.22, 110.28 39.4, 108.24 39.4, 108.24 38.22, 110.28 38.22));True
528;528;38,22;110,28;39,4;112,32;17;18;main;POLYGON ((112.32 38.22, 112.32 39.4, 110.28 39.4, 110.28 38.22, 112.32 38.22));True
529;529;38,22;112,32;39,4;114,36;17;19;main;POLYGON ((114.36 38.22, 114.36 39.4, 112.32 39.4, 112.32 38.22, 114.36 38.22));True
530;530;38,22;114,36;39,4;116,4;17;20;main;POLYGON ((116.4 38.22, 116.4 39.4, 114.36 39.4, 114.36 38.22, 116.4 38.22));True
531;531;38,22;116,4;39,4;118,44;17;21;main;POLYGON ((118.44 38.22, 118.44 39.4, 116.4 39.4, 116.4 38.22, 118.44 38.22));True
532;532;38,22;118,44;39,4;120,48;17;22;main;POLYGON ((120.48 38.22, 120.48 39.4, 118.44 39.4, 118.44 38.22, 120.48 38.22));True
533;533;38,22;120,48;39,4;122,52;17;23;main;POLYGON ((122.52 38.22, 122.52 39.4, 120.48 39.4, 120.48 38.22, 122.52 38.22));True
534;534;38,22;122,52;39,4;124,56;17;24;main;POLYGON ((124.56 38.22, 124.56 39.4, 122.52 39.4, 122.52 38.22, 124.56 38.22));True
540;540;39,4;73,5577;40,58;75,6;18;0;main;POLYGON ((75.6 39.4, 75.6 40.58, 73.5577 40.58, 73.5577 39.4, 75.6 39.4));True
541;541;39,4;75,6;40,58;77,64;18;1;main;POLYGON ((77.64 39.4, 77.64 40.58, 75.6 40.58, 75.6 39.4, 77.64 39.4));True
542;542;39,4;77,64;40,58;79,68;18;2;main;POLYGON ((79.68 39.4, 79.68 40.58, 77.64 40.58, 77.64 39.4, 79.68 39.4));True
543;543;39,4;79,68;40,58;81,72;18;3;main;POLYGON ((81.72 39.4, 81.72 40.58, 79.68 40.58, 79.68 39.4, 81.72 39.4));True
544;544;39,4;81,72;40,58;83,76;18;4;main;POLYGON ((83.76 39.4, 83.76 40.58, 81.72 40.58, 81.72 39.4, 83.76 39.4));True
545;545;39,4;83,76;40,58;85,8;18;5;main;POLYGON ((85.8 39.4, 85.8 40.58, 83.76 40.58, 83.76 39.4, 85.8 39.4));True
546;546;39,4;85,8;40,58;87,84;18;6;main;POLYGON ((87.84 39.4, 87.84 40.58, 85.8 40.58, 85.8 39.4, 87.84 39.4));True
547;547;39,4;87,84;40,58;89,88;18;7;main;POLYGON ((89.88 39.4, 89.88 40.58, 87.84 40.58, 87.84 39.4, 89.88 39.4));True
548;548;39,4;89,88;40,58;91,92;18;8;main;POLYGON ((91.92 39.4, 91.92 40.58, 89.88 40.58, 89.88 39.4, 91.92 39.4));True
549;549;39,4;91,92;40,58;93,96;18;9;main;POLYGON ((93.96 39.4, 93.96 40.58, 91.92 40.58, 91.92 39.4, 93.96 39.4));True
550;550;39,4;93,96;40,58;96,0;18;10;main;POLYGON ((96 39.4, 96 40.58, 93.96 40.58, 93.96 39.4, 96 39.4));True
551;551;39,4;96,0;40,58;98,04;18;11;main;POLYGON ((98.04 39.4, 98.04 40.58, 96 40.58, 96 39.4, 98.04 39.4));True
552;552;39,4;98,04;40,58;100,08;18;12;main;POLYGON ((100.08 39.4, 100.08 40.58, 98.04 40.58, 98.04 39.4, 100.08 39.4));True
553;553;39,4;100,08;40,58;102,12;18;13;main;POLYGON ((102.12 39.4, 102.12 40.58, 100.08 40.58, 100.08 39.4, 102.12 39.4));True
554;554;39,4;102,12;40,58;104,16;18;14;main;POLYGON ((104.16 39.4, 104.16 40.58, 102.12 40.58, 102.12 39.4, 104.16 39.4));True
555;555;39,4;104,16;40,58;106,2;18;15;main;POLYGON ((106.2 39.4, 106.2 40.58, 104.16 40.58, 104.16 39.4, 106.2 39.4));True
556;556;39,4;106,2;40,58;108,24;18;16;main;POLYGON ((108.24 39.4, 108.24 40.58, 106.2 40.58, 106.2 39.4, 108.24 39.4));True
557;557;39,4;108,24;40,58;110,28;18;17;main;POLYGON ((110.28 39.4, 110.28 40.58, 108.24 40.58, 108.24 39.4, 110.28 39.4));True
558;558;39,4;110,28;40,58;112,32;18;18;main;POLYGON ((112.32 39.4, 112.32 40.58, 110.28 40.58, 110.28 39.4, 112.32 39.4));True
559;559;39,4;112,32;40,58;114,36;18;19;main;POLYGON ((114.36 39.4, 114.36 40.58, 112.32 40.58, 112.32 39.4, 114.36 39.4));True
560;560;39,4;114,36;40,58;116,4;18;20;main;POLYGON ((116.4 39.4, 116.4 40.58, 114.36 40.58, 114.36 39.4, 116.4 39.4));True
561;561;39,4;116,4;40,58;118,44;18;21;main;POLYGON ((118.44 39.4, 118.44 40.58, 116.4 40.58, 116.4 39.4, 118.44 39.4));True
562;562;39,4;118,44;40,58;120,48;18;22;main;POLYGON ((120.48 39.4, 120.48 40.58, 118.44 40.58, 118.44 39.4, 120.48 39.4));True
563;563;39,4;120,48;40,58;122,52;18;23;main;POLYGON ((122.52 39.4, 122.52 40.58, 120.48 40.58, 120.48 39.4, 122.52 39.4));True
564;564;39,4;122,52;40,58;124,56;18;24;main;POLYGON ((124.56 39.4, 124.56 40.58, 122.52 40.58, 122.52 39.4, 124.56 39.4));True
565;565;39,4;124,56;40,58;126,6;18;25;main;POLYGON ((126.6 39.4, 126.6 40.58, 124.56 40.58, 124.56 39.4, 126.6 39.4));True
570;570;40,58;73,5577;41,76;75,6;19;0;main;POLYGON ((75.6 40.58, 75.6 41.76, 73.5577 41.76, 73.5577 40.58, 75.6 40.58));True
571;571;40,58;75,6;41,76;77,64;19;1;main;POLYGON ((77.64 40.58, 77.64 41.76, 75.6 41.76, 75.6 40.58, 77.64 40.58));True
572;572;40,58;77,64;41,76;79,68;19;2;main;POLYGON ((79.68 40.58, 79.68 41.76, 77.64 41.76, 77.64 40.58, 79.68 40.58));True
573;573;40,58;79,68;41,76;81,72;19;3;main;POLYGON ((81.72 40.58, 81.72 41.76, 79.68 41.76, 79.68 40.58, 81.72 40.58));True
574;574;40,58;81,72;41,76;83,76;19;4;main;POLYGON ((83.76 40.58, 83.76 41.76, 81.72 41.76, 81.72 40.58, 83.76 40.58));True
575;575;40,58;83,76;41,76;85,8;19;5;main;POLYGON ((85.8 40.58, 85.8 41.76, 83.76 41.76, 83.76 40.58, 85.8 40.58));True
576;576;40,58;85,8;41,76;87,84;19;6;main;POLYGON ((87.84 40.58, 87.84 41.76, 85.8 41.76, 85.8 40.58, 87.84 40.58));True
577;577;40,58;87,84;41,76;89,88;19;7;main;POLYGON ((89.88 40.58, 89.88 41.76, 87.84 41.76, 87.84 40.58, 89.88 40.58));True
578;578;40,58;89,88;41,76;91,92;19;8;main;POLYGON ((91.92 40.58, 91.92 41.76, 89.88 41.76, 89.88 40.58, 91.92 40.58));True
579;579;40,58;91,92;41,76;93,96;19;9;main;POLYGON ((93.96 40.58, 93.96 41.76, 91.92 41.76, 91.92 40.58, 93.96 40.58));True
580;580;40,58;93,96;41,76;96,0;19;10;main;POLYGON ((96 40.58, 96 41.76, 93.96 41.76, 93.96 40.58, 96 40.58));True
581;581;40,58;96,0;41,76;98,04;19;11;main;POLYGON ((98.04 40.58, 98.04 41.76, 96 41.76, 96 40.58, 98.04 40.58));True
582;582;40,58;98,04;41,76;100,08;19;12;main;POLYGON ((100.08 40.58, 100.08 41.76, 98.04 41.76, 98.04 40.58, 100.08 40.58));True
583;583;40,58;100,08;41,76;102,12;19;13;main;POLYGON ((102.12 40.58, 102.12 41.76, 100.08 41.76, 100.08 40.58, 102.12 40.58));True
584;584;40,58;102,12;41,76;104,16;19;14;main;POLYGON ((104.16 40.58, 104.16 41.76, 102.12 41.76, 102.12 40.58, 104.16 40.58));True
585;585;40,58;104,16;41,76;106,2;19;15;main;POLYGON ((106.2 40.58, 106.2 41.76, 104.16 41.76, 104.16 40.58, 106.2 40.58));True
586;586;40,58;106,2;41,76;108,24;19;16;main;POLYGON ((108.24 40.58, 108.24 41.76, 106.2 41.76, 106.2 40.58, 108.24 40.58));True
587;587;40,58;108,24;41,76;110,28;19;17;main;POLYGON ((110.28 40.58, 110.28 41.76, 108.24 41.76, 108.24 40.58, 110.28 40.58));True
588;588;40,58;110,28;41,76;112,32;19;18;main;POLYGON ((112.32 40.58, 112.32 41.76, 110.28 41.76, 110.28 40.58, 112.32 40.58));True
589;589;40,58;112,32;41,76;114,36;19;19;main;POLYGON ((114.36 40.58, 114.36 41.76, 112.32 41.76, 112.32 40.58, 114.36 40.58));True
590;590;40,58;114,36;41,76;116,4;19;20;main;POLYGON ((116.4 40.58, 116.4 41.76, 114.36 41.76, 114.36 40.58, 116.4 40.58));True
591;591;40,58;116,4;41,76;118,44;19;21;main;POLYGON ((118.44 40.58, 118.44 41.76, 116.4 41.76, 116.4 40.58, 118.44 40.58));True
592;592;40,58;118,44;41,76;120,48;19;22;main;POLYGON ((120.48 40.58, 120.48 41.76, 118.44 41.76, 118.44 40.58, 120.48 40.58));True
593;593;40,58;120,48;41,76;122,52;19;23;main;POLYGON ((122.52 40.58, 122.52 41.76, 120.48 41.76, 120.48 40.58, 122.52 40.58));True
594;594;40,58;122,52;41,76;124,56;19;24;main;POLYGON ((124.56 40.58, 124.56 41.76, 122.52 41.76, 122.52 40.58, 124.56 40.58));True
595;595;40,58;124,56;41,76;126,6;19;25;main;POLYGON ((126.6 40.58, 126.6 41.76, 124.56 41.76, 124.56 40.58, 126.6 40.58));True
596;596;40,58;126,6;41,76;128,64;19;26;main;POLYGON ((128.64 40.58, 128.64 41.76, 126.6 41.76, 126.6 40.58, 128.64 40.58));True
602;602;41,76;77,64;42,94;79,68;20;2;main;POLYGON ((79.68 41.76, 79.68 42.94, 77.64 42.94, 77.64 41.76, 79.68 41.76));True
603;603;41,76;79,68;42,94;81,72;20;3;main;POLYGON ((81.72 41.76, 81.72 42.94, 79.68 42.94, 79.68 41.76, 81.72 41.76));True
604;604;41,76;81,72;42,94;83,76;20;4;main;POLYGON ((83.76 41.76, 83.76 42.94, 81.72 42.94, 81.72 41.76, 83.76 41.76));True
605;605;41,76;83,76;42,94;85,8;20;5;main;POLYGON ((85.8 41.76, 85.8 42.94, 83.76 42.94, 83.76 41.76, 85.8 41.76));True
606;606;41,76;85,8;42,94;87,84;20;6;main;POLYGON ((87.84 41.76, 87.84 42.94, 85.8 42.94, 85.8 41.76, 87.84 41.76));True
607;607;41,76;87,84;42,94;89,88;20;7;main;POLYGON ((89.88 41.76, 89.88 42.94, 87.84 42.94, 87.84 41.76, 89.88 41.76));True
608;608;41,76;89,88;42,94;91,92;20;8;main;POLYGON ((91.92 41.76, 91.92 42.94, 89.88 42.94, 89.88 41.76, 91.92 41.76));True
609;609;41,76;91,92;42,94;93,96;20;9;main;POLYGON ((93.96 41.76, 93.96 42.94, 91.92 42.94, 91.92 41.76, 93.96 41.76));True
610;610;41,76;93,96;42,94;96,0;20;10;main;POLYGON ((96 41.76, 96 42.94, 93.96 42.94, 93.96 41.76, 96 41.76));True
611;611;41,76;96,0;42,94;98,04;20;11;main;POLYGON ((98.04 41.76, 98.04 42.94, 96 42.94, 96 41.76, 98.04 41.76));True
612;612;41,76;98,04;42,94;100,08;20;12;main;POLYGON ((100.08 41.76, 100.08 42.94, 98.04 42.94, 98.04 41.76, 100.08 41.76));True
613;613;41,76;100,08;42,94;102,12;20;13;main;POLYGON ((102.12 41.76, 102.12 42.94, 100.08 42.94, 100.08 41.76, 102.12 41.76));True
614;614;41,76;102,12;42,94;104,16;20;14;main;POLYGON ((104.16 41.76, 104.16 42.94, 102.12 42.94, 102.12 41.76, 104.16 41.76));True
615;615;41,76;104,16;42,94;106,2;20;15;main;POLYGON ((106.2 41.76, 106.2 42.94, 104.16 42.94, 104.16 41.76, 106.2 41.76));True
616;616;41,76;106,2;42,94;108,24;20;16;main;POLYGON ((108.24 41.76, 108.24 42.94, 106.2 42.94, 106.2 41.76, 108.24 41.76));True
617;617;41,76;108,24;42,94;110,28;20;17;main;POLYGON ((110.28 41.76, 110.28 42.94, 108.24 42.94, 108.24 41.76, 110.28 41.76));True
618;618;41,76;110,28;42,94;112,32;20;18;main;POLYGON ((112.32 41.76, 112.32 42.94, 110.28 42.94, 110.28 41.76, 112.32 41.76));True
619;619;41,76;112,32;42,94;114,36;20;19;main;POLYGON ((114.36 41.76, 114.36 42.94, 112.32 42.94, 112.32 41.76, 114.36 41.76));True
620;620;41,76;114,36;42,94;116,4;20;20;main;POLYGON ((116.4 41.76, 116.4 42.94, 114.36 42.94, 114.36 41.76, 116.4 41.76));True
621;621;41,76;116,4;42,94;118,44;20;21;main;POLYGON ((118.44 41.76, 118.44 42.94, 116.4 42.94, 116.4 41.76, 118.44 41.76));True
622;622;41,76;118,44;42,94;120,48;20;22;main;POLYGON ((120.48 41.76, 120.48 42.94, 118.44 42.94, 118.44 41.76, 120.48 41.76));True
623;623;41,76;120,48;42,94;122,52;20;23;main;POLYGON ((122.52 41.76, 122.52 42.94, 120.48 42.94, 120.48 41.76, 122.52 41.76));True
624;624;41,76;122,52;42,94;124,56;20;24;main;POLYGON ((124.56 41.76, 124.56 42.94, 122.52 42.94, 122.52 41.76, 124.56 41.76));True
625;625;41,76;124,56;42,94;126,6;20;25;main;POLYGON ((126.6 41.76, 126.6 42.94, 124.56 42.94, 124.56 41.76, 126.6 41.76));True
626;626;41,76;126,6;42,94;128,64;20;26;main;POLYGON ((128.64 41.76, 128.64 42.94, 126.6 42.94, 126.6 41.76, 128.64 41.76));True
627;627;41,76;128,64;42,94;130,68;20;27;main;POLYGON ((130.68 41.76, 130.68 42.94, 128.64 42.94, 128.64 41.76, 130.68 41.76));True
628;628;41,76;130,68;42,94;132,72;20;28;main;POLYGON ((132.72 41.76, 132.72 42.94, 130.68 42.94, 130.68 41.76, 132.72 41.76));True
633;633;42,94;79,68;44,12;81,72;21;3;main;POLYGON ((81.72 42.94, 81.72 44.12, 79.68 44.12, 79.68 42.94, 81.72 42.94));True
634;634;42,94;81,72;44,12;83,76;21;4;main;POLYGON ((83.76 42.94, 83.76 44.12, 81.72 44.12, 81.72 42.94, 83.76 42.94));True
635;635;42,94;83,76;44,12;85,8;21;5;main;POLYGON ((85.8 42.94, 85.8 44.12, 83.76 44.12, 83.76 42.94, 85.8 42.94));True
636;636;42,94;85,8;44,12;87,84;21;6;main;POLYGON ((87.84 42.94, 87.84 44.12, 85.8 44.12, 85.8 42.94, 87.84 42.94));True
637;637;42,94;87,84;44,12;89,88;21;7;main;POLYGON ((89.88 42.94, 89.88 44.12, 87.84 44.12, 87.84 42.94, 89.88 42.94));True
638;638;42,94;89,88;44,12;91,92;21;8;main;POLYGON ((91.92 42.94, 91.92 44.12, 89.88 44.12, 89.88 42.94, 91.92 42.94));True
639;639;42,94;91,92;44,12;93,96;21;9;main;POLYGON ((93.96 42.94, 93.96 44.12, 91.92 44.12, 91.92 42.94, 93.96 42.94));True
640;640;42,94;93,96;44,12;96,0;21;10;main;POLYGON ((96 42.94, 96 44.12, 93.96 44.12, 93.96 42.94, 96 42.94));True
641;641;42,94;96,0;44,12;98,04;21;11;main;POLYGON ((98.04 42.94, 98.04 44.12, 96 44.12, 96 42.94, 98.04 42.94));True
648;648;42,94;110,28;44,12;112,32;21;18;main;POLYGON ((112.32 42.94, 112.32 44.12, 110.28 44.12, 110.28 42.94, 112.32 42.94));True
649;649;42,94;112,32;44,12;114,36;21;19;main;POLYGON ((114.36 42.94, 114.36 44.12, 112.32 44.12, 112.32 42.94, 114.36 42.94));True
650;650;42,94;114,36;44,12;116,4;21;20;main;POLYGON ((116.4 42.94, 116.4 44.12, 114.36 44.12, 114.36 42.94, 116.4 42.94));True
651;651;42,94;116,4;44,12;118,44;21;21;main;POLYGON ((118.44 42.94, 118.44 44.12, 116.4 44.12, 116.4 42.94, 118.44 42.94));True
652;652;42,94;118,44;44,12;120,48;21;22;main;POLYGON ((120.48 42.94, 120.48 44.12, 118.44 44.12, 118.44 42.94, 120.48 42.94));True
653;653;42,94;120,48;44,12;122,52;21;23;main;POLYGON ((122.52 42.94, 122.52 44.12, 120.48 44.12, 120.48 42.94, 122.52 42.94));True
654;654;42,94;122,52;44,12;124,56;21;24;main;POLYGON ((124.56 42.94, 124.56 44.12, 122.52 44.12, 122.52 42.94, 124.56 42.94));True
655;655;42,94;124,56;44,12;126,6;21;25;main;POLYGON ((126.6 42.94, 126.6 44.12, 124.56 44.12, 124.56 42.94, 126.6 42.94));True
656;656;42,94;126,6;44,12;128,64;21;26;main;POLYGON ((128.64 42.94, 128.64 44.12, 126.6 44.12, 126.6 42.94, 128.64 42.94));True
657;657;42,94;128,64;44,12;130,68;21;27;main;POLYGON ((130.68 42.94, 130.68 44.12, 128.64 44.12, 128.64 42.94, 130.68 42.94));True
658;658;42,94;130,68;44,12;132,72;21;28;main;POLYGON ((132.72 42.94, 132.72 44.12, 130.68 44.12, 130.68 42.94, 132.72 42.94));True
663;663;44,12;79,68;45,3;81,72;22;3;main;POLYGON ((81.72 44.12, 81.72 45.3, 79.68 45.3, 79.68 44.12, 81.72 44.12));True
664;664;44,12;81,72;45,3;83,76;22;4;main;POLYGON ((83.76 44.12, 83.76 45.3, 81.72 45.3, 81.72 44.12, 83.76 44.12));True
665;665;44,12;83,76;45,3;85,8;22;5;main;POLYGON ((85.8 44.12, 85.8 45.3, 83.76 45.3, 83.76 44.12, 85.8 44.12));True
666;666;44,12;85,8;45,3;87,84;22;6;main;POLYGON ((87.84 44.12, 87.84 45.3, 85.8 45.3, 85.8 44.12, 87.84 44.12));True
667;667;44,12;87,84;45,3;89,88;22;7;main;POLYGON ((89.88 44.12, 89.88 45.3, 87.84 45.3, 87.84 44.12, 89.88 44.12));True
668;668;44,12;89,88;45,3;91,92;22;8;main;POLYGON ((91.92 44.12, 91.92 45.3, 89.88 45.3, 89.88 44.12, 91.92 44.12));True
669;669;44,12;91,92;45,3;93,96;22;9;main;POLYGON ((93.96 44.12, 93.96 45.3, 91.92 45.3, 91.92 44.12, 93.96 44.12));True
670;670;44,12;93,96;45,3;96,0;22;10;main;POLYGON ((96 44.12, 96 45.3, 93.96 45.3, 93.96 44.12, 96 44.12));True
678;678;44,12;110,28;45,3;112,32;22;18;main;POLYGON ((112.32 44.12, 112.32 45.3, 110.28 45.3, 110.28 44.12, 112.32 44.12));True
679;679;44,12;112,32;45,3;114,36;22;19;main;POLYGON ((114.36 44.12, 114.36 45.3, 112.32 45.3, 112.32 44.12, 114.36 44.12));True
680;680;44,12;114,36;45,3;116,4;22;20;main;POLYGON ((116.4 44.12, 116.4 45.3, 114.36 45.3, 114.36 44.12, 116.4 44.12));True
681;681;44,12;116,4;45,3;118,44;22;21;main;POLYGON ((118.44 44.12, 118.44 45.3, 116.4 45.3, 116.4 44.12, 118.44 44.12));True
682;682;44,12;118,44;45,3;120,48;22;22;main;POLYGON ((120.48 44.12, 120.48 45.3, 118.44 45.3, 118.44 44.12, 120.48 44.12));True
683;683;44,12;120,48;45,3;122,52;22;23;main;POLYGON ((122.52 44.12, 122.52 45.3, 120.48 45.3, 120.48 44.12, 122.52 44.12));True
684;684;44,12;122,52;45,3;124,56;22;24;main;POLYGON ((124.56 44.12, 124.56 45.3, 122.52 45.3, 122.52 44.12, 124.56 44.12));True
685;685;44,12;124,56;45,3;126,6;22;25;main;POLYGON ((126.6 44.12, 126.6 45.3, 124.56 45.3, 124.56 44.12, 126.6 44.12));True
686;686;44,12;126,6;45,3;128,64;22;26;main;POLYGON ((128.64 44.12, 128.64 45.3, 126.6 45.3, 126.6 44.12, 128.64 44.12));True
687;687;44,12;128,64;45,3;130,68;22;27;main;POLYGON ((130.68 44.12, 130.68 45.3, 128.64 45.3, 128.64 44.12, 130.68 44.12));True
688;688;44,12;130,68;45,3;132,72;22;28;main;POLYGON ((132.72 44.12, 132.72 45.3, 130.68 45.3, 130.68 44.12, 132.72 44.12));True
689;689;44,12;132,72;45,3;134,76;22;29;main;POLYGON ((134.76 44.12, 134.76 45.3, 132.72 45.3, 132.72 44.12, 134.76 44.12));True
693;693;45,3;79,68;46,48;81,72;23;3;main;POLYGON ((81.72 45.3, 81.72 46.48, 79.68 46.48, 79.68 45.3, 81.72 45.3));True
694;694;45,3;81,72;46,48;83,76;23;4;main;POLYGON ((83.76 45.3, 83.76 46.48, 81.72 46.48, 81.72 45.3, 83.76 45.3));True
695;695;45,3;83,76;46,48;85,8;23;5;main;POLYGON ((85.8 45.3, 85.8 46.48, 83.76 46.48, 83.76 45.3, 85.8 45.3));True
696;696;45,3;85,8;46,48;87,84;23;6;main;POLYGON ((87.84 45.3, 87.84 46.48, 85.8 46.48, 85.8 45.3, 87.84 45.3));True
697;697;45,3;87,84;46,48;89,88;23;7;main;POLYGON ((89.88 45.3, 89.88 46.48, 87.84 46.48, 87.84 45.3, 89.88 45.3));True
698;698;45,3;89,88;46,48;91,92;23;8;main;POLYGON ((91.92 45.3, 91.92 46.48, 89.88 46.48, 89.88 45.3, 91.92 45.3));True
710;710;45,3;114,36;46,48;116,4;23;20;main;POLYGON ((116.4 45.3, 116.4 46.48, 114.36 46.48, 114.36 45.3, 116.4 45.3));True
711;711;45,3;116,4;46,48;118,44;23;21;main;POLYGON ((118.44 45.3, 118.44 46.48, 116.4 46.48, 116.4 45.3, 118.44 45.3));True
712;712;45,3;118,44;46,48;120,48;23;22;main;POLYGON ((120.48 45.3, 120.48 46.48, 118.44 46.48, 118.44 45.3, 120.48 45.3));True
713;713;45,3;120,48;46,48;122,52;23;23;main;POLYGON ((122.52 45.3, 122.52 46.48, 120.48 46.48, 120.48 45.3, 122.52 45.3));True
714;714;45,3;122,52;46,48;124,56;23;24;main;POLYGON ((124.56 45.3, 124.56 46.48, 122.52 46.48, 122.52 45.3, 124.56 45.3));True
715;715;45,3;124,56;46,48;126,6;23;25;main;POLYGON ((126.6 45.3, 126.6 46.48, 124.56 46.48, 124.56 45.3, 126.6 45.3));True
716;716;45,3;126,6;46,48;128,64;23;26;main;POLYGON ((128.64 45.3, 128.64 46.48, 126.6 46.48, 126.6 45.3, 128.64 45.3));True
717;717;45,3;128,64;46,48;130,68;23;27;main;POLYGON ((130.68 45.3, 130.68 46.48, 128.64 46.48, 128.64 45.3, 130.68 45.3));True
718;718;45,3;130,68;46,48;132,72;23;28;main;POLYGON ((132.72 45.3, 132.72 46.48, 130.68 46.48, 130.68 45.3, 132.72 45.3));True
719;719;45,3;132,72;46,48;134,76;23;29;main;POLYGON ((134.76 45.3, 134.76 46.48, 132.72 46.48, 132.72 45.3, 134.76 45.3));True
724;724;46,48;81,72;47,66;83,76;24;4;main;POLYGON ((83.76 46.48, 83.76 47.66, 81.72 47.66, 81.72 46.48, 83.76 46.48));True
725;725;46,48;83,76;47,66;85,8;24;5;main;POLYGON ((85.8 46.48, 85.8 47.66, 83.76 47.66, 83.76 46.48, 85.8 46.48));True
726;726;46,48;85,8;47,66;87,84;24;6;main;POLYGON ((87.84 46.48, 87.84 47.66, 85.8 47.66, 85.8 46.48, 87.84 46.48));True
727;727;46,48;87,84;47,66;89,88;24;7;main;POLYGON ((89.88 46.48, 89.88 47.66, 87.84 47.66, 87.84 46.48, 89.88 46.48));True
728;728;46,48;89,88;47,66;91,92;24;8;main;POLYGON ((91.92 46.48, 91.92 47.66, 89.88 47.66, 89.88 46.48, 91.92 46.48));True
741;741;46,48;116,4;47,66;118,44;24;21;main;POLYGON ((118.44 46.48, 118.44 47.66, 116.4 47.66, 116.4 46.48, 118.44 46.48));True
742;742;46,48;118,44;47,66;120,48;24;22;main;POLYGON ((120.48 46.48, 120.48 47.66, 118.44 47.66, 118.44 46.48, 120.48 46.48));True
743;743;46,48;120,48;47,66;122,52;24;23;main;POLYGON ((122.52 46.48, 122.52 47.66, 120.48 47.66, 120.48 46.48, 122.52 46.48));True
744;744;46,48;122,52;47,66;124,56;24;24;main;POLYGON ((124.56 46.48, 124.56 47.66, 122.52 47.66, 122.52 46.48, 124.56 46.48));True
745;745;46,48;124,56;47,66;126,6;24;25;main;POLYGON ((126.6 46.48, 126.6 47.66, 124.56 47.66, 124.56 46.48, 126.6 46.48));True
746;746;46,48;126,6;47,66;128,64;24;26;main;POLYGON ((128.64 46.48, 128.64 47.66, 126.6 47.66, 126.6 46.48, 128.64 46.48));True
747;747;46,48;128,64;47,66;130,68;24;27;main;POLYGON ((130.68 46.48, 130.68 47.66, 128.64 47.66, 128.64 46.48, 130.68 46.48));True
748;748;46,48;130,68;47,66;132,72;24;28;main;POLYGON ((132.72 46.48, 132.72 47.66, 130.68 47.66, 130.68 46.48, 132.72 46.48));True
749;749;46,48;132,72;47,66;134,76;24;29;main;POLYGON ((134.76 46.48, 134.76 47.66, 132.72 47.66, 132.72 46.48, 134.76 46.48));True
755;755;47,66;83,76;48,84;85,8;25;5;main;POLYGON ((85.8 47.66, 85.8 48.84, 83.76 48.84, 83.76 47.66, 85.8 47.66));True
756;756;47,66;85,8;48,84;87,84;25;6;main;POLYGON ((87.84 47.66, 87.84 48.84, 85.8 48.84, 85.8 47.66, 87.84 47.66));True
757;757;47,66;87,84;48,84;89,88;25;7;main;POLYGON ((89.88 47.66, 89.88 48.84, 87.84 48.84, 87.84 47.66, 89.88 47.66));True
758;758;47,66;89,88;48,84;91,92;25;8;main;POLYGON ((91.92 47.66, 91.92 48.84, 89.88 48.84, 89.88 47.66, 91.92 47.66));True
770;770;47,66;114,36;48,84;116,4;25;20;main;POLYGON ((116.4 47.66, 116.4 48.84, 114.36 48.84, 114.36 47.66, 116.4 47.66));True
771;771;47,66;116,4;48,84;118,44;25;21;main;POLYGON ((118.44 47.66, 118.44 48.84, 116.4 48.84, 116.4 47.66, 118.44 47.66));True
772;772;47,66;118,44;48,84;120,48;25;22;main;POLYGON ((120.48 47.66, 120.48 48.84, 118.44 48.84, 118.44 47.66, 120.48 47.66));True
773;773;47,66;120,48;48,84;122,52;25;23;main;POLYGON ((122.52 47.66, 122.52 48.84, 120.48 48.84, 120.48 47.66, 122.52 47.66));True
774;774;47,66;122,52;48,84;124,56;25;24;main;POLYGON ((124.56 47.66, 124.56 48.84, 122.52 48.84, 122.52 47.66, 124.56 47.66));True
775;775;47,66;124,56;48,84;126,6;25;25;main;POLYGON ((126.6 47.66, 126.6 48.84, 124.56 48.84, 124.56 47.66, 126.6 47.66));True
776;776;47,66;126,6;48,84;128,64;25;26;main;POLYGON ((128.64 47.66, 128.64 48.84, 126.6 48.84, 126.6 47.66, 128.64 47.66));True
777;777;47,66;128,64;48,84;130,68;25;27;main;POLYGON ((130.68 47.66, 130.68 48.84, 128.64 48.84, 128.64 47.66, 130.68 47.66));True
778;778;47,66;130,68;48,84;132,72;25;28;main;POLYGON ((132.72 47.66, 132.72 48.84, 130.68 48.84, 130.68 47.66, 132.72 47.66));True
779;779;47,66;132,72;48,84;134,76;25;29;main;POLYGON ((134.76 47.66, 134.76 48.84, 132.72 48.84, 132.72 47.66, 134.76 47.66));True
786;786;48,84;85,8;50,02;87,84;26;6;main;POLYGON ((87.84 48.84, 87.84 50.02, 85.8 50.02, 85.8 48.84, 87.84 48.84));True
787;787;48,84;87,84;50,02;89,88;26;7;main;POLYGON ((89.88 48.84, 89.88 50.02, 87.84 50.02, 87.84 48.84, 89.88 48.84));True
800;800;48,84;114,36;50,02;116,4;26;20;main;POLYGON ((116.4 48.84, 116.4 50.02, 114.36 50.02, 114.36 48.84, 116.4 48.84));True
801;801;48,84;116,4;50,02;118,44;26;21;main;POLYGON ((118.44 48.84, 118.44 50.02, 116.4 50.02, 116.4 48.84, 118.44 48.84));True
802;802;48,84;118,44;50,02;120,48;26;22;main;POLYGON ((120.48 48.84, 120.48 50.02, 118.44 50.02, 118.44 48.84, 120.48 48.84));True
803;803;48,84;120,48;50,02;122,52;26;23;main;POLYGON ((122.52 48.84, 122.52 50.02, 120.48 50.02, 120.48 48.84, 122.52 48.84));True
804;804;48,84;122,52;50,02;124,56;26;24;main;POLYGON ((124.56 48.84, 124.56 50.02, 122.52 50.02, 122.52 48.84, 124.56 48.84));True
805;805;48,84;124,56;50,02;126,6;26;25;main;POLYGON ((126.6 48.84, 126.6 50.02, 124.56 50.02, 124.56 48.84, 126.6 48.84));True
806;806;48,84;126,6;50,02;128,64;26;26;main;POLYGON ((128.64 48.84, 128.64 50.02, 126.6 50.02, 126.6 48.84, 128.64 48.84));True
807;807;48,84;128,64;50,02;130,68;26;27;main;POLYGON ((130.68 48.84, 130.68 50.02, 128.64 50.02, 128.64 48.84, 130.68 48.84));True
832;832;50,02;118,44;51,2;120,48;27;22;main;POLYGON ((120.48 50.02, 120.48 51.2, 118.44 51.2, 118.44 50.02, 120.48 50.02));True
833;833;50,02;120,48;51,2;122,52;27;23;main;POLYGON ((122.52 50.02, 122.52 51.2, 120.48 51.2, 120.48 50.02, 122.52 50.02));True
834;834;50,02;122,52;51,2;124,56;27;24;main;POLYGON ((124.56 50.02, 124.56 51.2, 122.52 51.2, 122.52 50.02, 124.56 50.02));True
835;835;50,02;124,56;51,2;126,6;27;25;main;POLYGON ((126.6 50.02, 126.6 51.2, 124.56 51.2, 124.56 50.02, 126.6 50.02));True
836;836;50,02;126,6;51,2;128,64;27;26;main;POLYGON ((128.64 50.02, 128.64 51.2, 126.6 51.2, 126.6 50.02, 128.64 50.02));True
862;862;51,2;118,44;52,38;120,48;28;22;main;POLYGON ((120.48 51.2, 120.48 52.38, 118.44 52.38, 118.44 51.2, 120.48 51.2));True
863;863;51,2;120,48;52,38;122,52;28;23;main;POLYGON ((122.52 51.2, 122.52 52.38, 120.48 52.38, 120.48 51.2, 122.52 51.2));True
864;864;51,2;122,52;52,38;124,56;28;24;main;POLYGON ((124.56 51.2, 124.56 52.38, 122.52 52.38, 122.52 51.2, 124.56 51.2));True
865;865;51,2;124,56;52,38;126,6;28;25;main;POLYGON ((126.6 51.2, 126.6 52.38, 124.56 52.38, 124.56 51.2, 126.6 51.2));True
866;866;51,2;126,6;52,38;128,64;28;26;main;POLYGON ((128.64 51.2, 128.64 52.38, 126.6 52.38, 126.6 51.2, 128.64 51.2));True
892;892;52,38;118,44;53,56;120,48;29;22;main;POLYGON ((120.48 52.38, 120.48 53.56, 118.44 53.56, 118.44 52.38, 120.48 52.38));True
893;893;52,38;120,48;53,56;122,52;29;23;main;POLYGON ((122.52 52.38, 122.52 53.56, 120.48 53.56, 120.48 52.38, 122.52 52.38));True
894;894;52,38;122,52;53,56;124,56;29;24;main;POLYGON ((124.56 52.38, 124.56 53.56, 122.52 53.56, 122.52 52.38, 124.56 52.38));True
895;895;52,38;124,56;53,56;126,6;29;25;main;POLYGON ((126.6 52.38, 126.6 53.56, 124.56 53.56, 124.56 52.38, 126.6 52.38));True
